Hamza,Haydar,hamzahaydar@ucalgary.ca,hamzahaydar,2021_ENCM369
John, Ibiyemi, johnibiyemi100@gmail.com, johnny-i, 2021_ENCM369
Antonio, Bruse Fortugno, abfortugno@gmail.com, abfortugno, 2021_ENCM369
ENCM369,Geoffrey Messier,jrlong@ucalgary.ca,UofCencm369,20201_ENCM369
Peter, Shmerko, pshme@protonmail.ch, pshme, 2021_ENCM369
Hicham,Meziani,hichammezian11@gmail.com,HichamMeziani,2021_ENCM369
Nimesh,Gallage,nimesh.gallage@gmail.com,NimeshGallage,2021_ENCM369